manual_label,total,corretas,erros,erros%
"- - - COMÉRCIO VAREJISTA DE MERCADORIAS EM GERAL, COM PREDOMINÂNCIA DE PRODUTOS ALIMENTÍCIOS - HIPERMERCADOS E SUPERMERCADOS",327,8,319,0.9755351681957186
"- - - COMÉRCIO VAREJISTA DE MERCADORIAS EM GERAL, COM PREDOMINÂNCIA DE PRODUTOS ALIMENTÍCIOS - MINIMERCADOS, MERCEARIAS E ARMAZÉNS",1485,1183,302,0.20336700336700336
"- - COMÉRCIO VAREJISTA DE ARTIGOS CULTURAIS, RECREATIVOS E ESPORTIVOS",664,527,137,0.2063253012048193
- - COMÉRCIO VAREJISTA DE COMBUSTÍVEIS PARA VEÍCULOS AUTOMOTORES,414,407,7,0.016908212560386472
- - COMÉRCIO VAREJISTA DE EQUIPAMENTOS DE INFORMÁTICA E COMUNICAÇÃO; EQUIPAMENTOS E ARTIGOS DE USO DOMÉSTICO,394,330,64,0.16243654822335024
- - COMÉRCIO VAREJISTA DE MATERIAL DE CONSTRUÇÃO,362,241,121,0.3342541436464088
"- - COMÉRCIO VAREJISTA DE PRODUTOS ALIMENTÍCIOS, BEBIDAS E FUMO",2473,2082,391,0.1581075616659927
"- - COMÉRCIO VAREJISTA DE PRODUTOS FARMACÊUTICOS, PERFUMARIA E COSMÉTICOS E ARTIGOS MÉDICOS, ÓPTICOS E ORTOPÉDICOS",2068,1949,119,0.05754352030947776
- - COMÉRCIO VAREJISTA DE PRODUTOS NOVOS NÃO ESPECIFICADOS ANTERIORMENTE E DE PRODUTOS USADOS,5257,3905,1352,0.2571809016549363
- - COMÉRCIO VAREJISTA NÃO ESPECIALIZADO,377,309,68,0.18037135278514588
- ALIMENTAÇÃO,7021,6523,498,0.07093006694203105
- ALOJAMENTO,405,314,91,0.22469135802469137
- ARMAZENAMENTO E ATIVIDADES AUXILIARES DOS TRANSPORTES,256,234,22,0.0859375
- COMÉRCIO E REPARAÇÃO DE VEÍCULOS AUTOMOTORES E MOTOCICLETAS,894,830,64,0.07158836689038031
"- COMÉRCIO POR ATACADO, EXCETO VEÍCULOS AUTOMOTORES E MOTOCICLETAS",1,1,0,0.0
- COMÉRCIO VAREJISTA,63,61,2,0.031746031746031744
- CORREIO E OUTRAS ATIVIDADES DE ENTREGA,22,17,5,0.22727272727272727
- TRANSPORTE AQUAVIÁRIO,3,0,3,1.0
- TRANSPORTE AÉREO,19,10,9,0.47368421052631576
- TRANSPORTE TERRESTRE,424,312,112,0.2641509433962264
"ADMINISTRAÇÃO PÚBLICA, DEFESA E SEGURIDADE SOCIAL",349,280,69,0.1977077363896848
"AGRICULTURA, PECUÁRIA, PRODUÇÃO FLORESTAL, PESCA E AQUICULTURA",6214,5989,225,0.03620856131316382
"ARTES, CULTURA, ESPORTE E RECREAÇÃO",852,602,250,0.2934272300469484
ATIVIDADES ADMINISTRATIVAS E SERVIÇOS COMPLEMENTARES,137,101,36,0.26277372262773724
"ATIVIDADES FINANCEIRAS, DE SEGUROS E SERVIÇOS RELACIONADOS",321,272,49,0.1526479750778816
ATIVIDADES IMOBILIÁRIAS,369,351,18,0.04878048780487805
"ATIVIDADES PROFISSIONAIS, CIENTÍFICAS E TÉCNICAS",218,198,20,0.09174311926605505
COMÉRCIO; REPARAÇÃO DE VEÍCULOS AUTOMOTORES E MOTOCICLETAS,3,0,3,1.0
CONSTRUÇÃO,364,238,126,0.34615384615384615
DESOCUPADO,813,731,82,0.1008610086100861
EDUCAÇÃO,903,824,79,0.08748615725359911
ELETRICIDADE E GÁS,112,101,11,0.09821428571428571
"IGREJAS, TEMPLOS E ATIVIDADES RELIGIOSAS",5358,4837,521,0.09723777528928705
INDÚSTRIAS DE TRANSFORMAÇÃO,368,284,84,0.22826086956521738
INDÚSTRIAS EXTRATIVAS,57,53,4,0.07017543859649122
INFORMAÇÃO E COMUNICAÇÃO,446,224,222,0.4977578475336323
NÃO DEFINIDO,28,21,7,0.25
OBRAS,3,2,1,0.3333333333333333
ORGANISMOS INTERNACIONAIS E OUTRAS INSTITUIÇÕES EXTRATERRITORIAIS,15,14,1,0.06666666666666667
OUTRAS ATIVIDADES DE SERVIÇOS,904,784,120,0.13274336283185842
SAÚDE HUMANA E SERVIÇOS SOCIAIS,1832,1281,551,0.300764192139738
"TRANSPORTE, ARMAZENAGEM E CORREIO",1,0,1,1.0
"ÁGUA, ESGOTO, ATIVIDADES DE GESTÃO DE RESÍDUOS E DESCONTAMINAÇÃO",213,160,53,0.24882629107981222
