manual_label,total,hits,errors,errors%,score,macro f1,micro f1
"- - - COMÉRCIO VAREJISTA DE MERCADORIAS EM GERAL, COM PREDOMINÂNCIA DE PRODUTOS ALIMENTÍCIOS - HIPERMERCADOS E SUPERMERCADOS",10,8,2,0.2, 0.859814145820553, 0.7236721490534238,0.859814145820553
"- - - COMÉRCIO VAREJISTA DE MERCADORIAS EM GERAL, COM PREDOMINÂNCIA DE PRODUTOS ALIMENTÍCIOS - MINIMERCADOS, MERCEARIAS E ARMAZÉNS",1804,1502,302,0.1674057649667406,,,
"- - COMÉRCIO VAREJISTA DE ARTIGOS CULTURAIS, RECREATIVOS E ESPORTIVOS",679,527,152,0.22385861561119294,,,
- - COMÉRCIO VAREJISTA DE COMBUSTÍVEIS PARA VEÍCULOS AUTOMOTORES,414,407,7,0.016908212560386472,,,
- - COMÉRCIO VAREJISTA DE EQUIPAMENTOS DE INFORMÁTICA E COMUNICAÇÃO; EQUIPAMENTOS E ARTIGOS DE USO DOMÉSTICO,417,330,87,0.20863309352517986,,,
- - COMÉRCIO VAREJISTA DE MATERIAL DE CONSTRUÇÃO,376,244,132,0.35106382978723405,,,
"- - COMÉRCIO VAREJISTA DE PRODUTOS ALIMENTÍCIOS, BEBIDAS E FUMO",2474,2083,391,0.15804365400161682,,,
"- - COMÉRCIO VAREJISTA DE PRODUTOS FARMACÊUTICOS, PERFUMARIA E COSMÉTICOS E ARTIGOS MÉDICOS, ÓPTICOS E ORTOPÉDICOS",2070,1949,121,0.058454106280193235,,,
- - COMÉRCIO VAREJISTA DE PRODUTOS NOVOS NÃO ESPECIFICADOS ANTERIORMENTE E DE PRODUTOS USADOS,5357,3921,1436,0.268060481612843,,,
- - COMÉRCIO VAREJISTA NÃO ESPECIALIZADO,377,309,68,0.18037135278514588,,,
- ALIMENTAÇÃO,7030,6523,507,0.0721194879089616,,,
- ALOJAMENTO,403,314,89,0.22084367245657568,,,
- ARMAZENAMENTO E ATIVIDADES AUXILIARES DOS TRANSPORTES,287,234,53,0.18466898954703834,,,
- COMÉRCIO E REPARAÇÃO DE VEÍCULOS AUTOMOTORES E MOTOCICLETAS,921,846,75,0.08143322475570032,,,
"- COMÉRCIO POR ATACADO, EXCETO VEÍCULOS AUTOMOTORES E MOTOCICLETAS",780,774,6,0.007692307692307693,,,
- COMÉRCIO VAREJISTA,65,62,3,0.046153846153846156,,,
- CORREIO E OUTRAS ATIVIDADES DE ENTREGA,23,18,5,0.21739130434782608,,,
- TRANSPORTE AQUAVIÁRIO,3,0,3,1.0,,,
- TRANSPORTE AÉREO,19,10,9,0.47368421052631576,,,
- TRANSPORTE TERRESTRE,425,312,113,0.26588235294117646,,,
"ADMINISTRAÇÃO PÚBLICA, DEFESA E SEGURIDADE SOCIAL",375,297,78,0.208,,,
"AGRICULTURA, PECUÁRIA, PRODUÇÃO FLORESTAL, PESCA E AQUICULTURA",6221,5994,227,0.03648931040025719,,,
"ARTES, CULTURA, ESPORTE E RECREAÇÃO",870,607,263,0.3022988505747126,,,
ATIVIDADES ADMINISTRATIVAS E SERVIÇOS COMPLEMENTARES,141,101,40,0.28368794326241137,,,
"ATIVIDADES FINANCEIRAS, DE SEGUROS E SERVIÇOS RELACIONADOS",321,272,49,0.1526479750778816,,,
ATIVIDADES IMOBILIÁRIAS,369,351,18,0.04878048780487805,,,
"ATIVIDADES PROFISSIONAIS, CIENTÍFICAS E TÉCNICAS",227,204,23,0.1013215859030837,,,
CONSTRUÇÃO,349,238,111,0.31805157593123207,,,
DESOCUPADO,846,731,115,0.1359338061465721,,,
EDUCAÇÃO,911,828,83,0.09110867178924259,,,
ELETRICIDADE E GÁS,112,101,11,0.09821428571428571,,,
"IGREJAS, TEMPLOS E ATIVIDADES RELIGIOSAS",5360,4839,521,0.09720149253731343,,,
INDÚSTRIAS DE TRANSFORMAÇÃO,371,287,84,0.22641509433962265,,,
INDÚSTRIAS EXTRATIVAS,57,53,4,0.07017543859649122,,,
INFORMAÇÃO E COMUNICAÇÃO,470,246,224,0.4765957446808511,,,
NÃO DEFINIDO,25,20,5,0.2,,,
OBRAS,56,43,13,0.23214285714285715,,,
ORGANISMOS INTERNACIONAIS E OUTRAS INSTITUIÇÕES EXTRATERRITORIAIS,15,14,1,0.06666666666666667,,,
OUTRAS ATIVIDADES DE SERVIÇOS,923,797,126,0.13651137594799567,,,
SAÚDE HUMANA E SERVIÇOS SOCIAIS,1845,1286,559,0.3029810298102981,,,
"ÁGUA, ESGOTO, ATIVIDADES DE GESTÃO DE RESÍDUOS E DESCONTAMINAÇÃO",215,161,54,0.25116279069767444,,,
